[
    {
        "title": "Python Developer",
        "description": "We need a developer skilled in Python, Flask, and SQL databases."
    },
    {
        "title": "NLP Engineer",
        "description": "Experience with Natural Language Processing, spaCy, and machine learning required."
    },
    {
        "title": "Full Stack Developer",
        "description": "Looking for someone with Flask, HTML, JavaScript, and Python experience."
    },
    {
        "title": "Data Analyst",
        "description": "Should be good with SQL, Excel, and data visualization tools."
    },
    {
        "title": "Machine learner",
        "description": "TFIDF spacy"
    },
    {
        "title": "Software Engineer",
        "description": "Looking for Python developer."
    },
    {
        "title": "Machine learner",
        "description": "Machine learning"
    },
    {
        "title": "Natural Languae processing",
        "description": "Experience with Natural Language Processing, spaCy, and machine learning required."
    },
    {
        "title": "Full Stack Developer",
        "description": "Looking for someone with Flask, HTML, JavaScript, and Python experience."
    },
    {
        "title": "Machine learning",
        "description": "Machine learner"
    },
    {
        "title": "Software Engineer",
        "description": "Looking for a python developer"
    },
    {
        "title": "Java",
        "description": "Java script"
    },
    {
        "title": "HR Executive",
        "description": "Job Description:\r\nOur company is hiring an HR Executive to manage recruitment processes, employee relations, and HR records. You will coordinate interviews, publish job posts, handle onboarding procedures, and support day-to-day HR operations. Excellent communication and organizational skills are required."
    },
    {
        "title": "Graphic Designer",
        "description": "Job Description:\r\nWe are looking for a creative Graphic Designer with strong command of Adobe Creative Suite. Responsibilities include creating social media posts, logos, banners, and marketing materials. The candidate should understand branding principles and deliver visually appealing designs with accuracy."
    },
    {
        "title": "Data Analyst",
        "description": "should be good in excel and math"
    }
]